Datetime,Water Level (m)
2025-11-17 00:00:00,-0.054704614
2025-11-17 01:00:00,-0.24891439
2025-11-17 02:00:00,-0.42416036
2025-11-17 03:00:00,-0.49281642
2025-11-17 04:00:00,-0.2866907
2025-11-17 05:00:00,-0.021735402
2025-11-17 06:00:00,0.28174698
2025-11-17 07:00:00,0.5341107
2025-11-17 08:00:00,0.6470589
2025-11-17 09:00:00,0.5632646
2025-11-17 10:00:00,0.32975036
2025-11-17 11:00:00,0.107703835
2025-11-17 12:00:00,-0.09285184
2025-11-17 13:00:00,-0.28417772
2025-11-17 14:00:00,-0.44797218
2025-11-17 15:00:00,-0.5352098
2025-11-17 16:00:00,-0.25283176
2025-11-17 17:00:00,0.078121275
2025-11-17 18:00:00,0.45783195
2025-11-17 19:00:00,0.7792624
2025-11-17 20:00:00,0.9635435
2025-11-17 21:00:00,0.9431329
2025-11-17 22:00:00,0.6990444
2025-11-17 23:00:00,0.43024796
2025-11-18 00:00:00,0.19970936
2025-11-18 01:00:00,-0.013532687
2025-11-18 02:00:00,-0.2140065
2025-11-18 03:00:00,-0.37764382
2025-11-18 04:00:00,-0.45554668
2025-11-18 05:00:00,-0.14114885
2025-11-18 06:00:00,0.17733604
2025-11-18 07:00:00,0.50830585
2025-11-18 08:00:00,0.66872233
2025-11-18 09:00:00,0.67395616
2025-11-18 10:00:00,0.49843824
2025-11-18 11:00:00,0.2654476
2025-11-18 12:00:00,0.052724153
2025-11-18 13:00:00,-0.14250971
2025-11-18 14:00:00,-0.31643447
2025-11-18 15:00:00,-0.4591576
2025-11-18 16:00:00,-0.46542123
2025-11-18 17:00:00,-0.048483633
2025-11-18 18:00:00,0.31381992
2025-11-18 19:00:00,0.72657746
2025-11-18 20:00:00,0.9771165
2025-11-18 21:00:00,1.0917872
2025-11-18 22:00:00,0.9286394
2025-11-18 23:00:00,0.6399517
2025-11-19 00:00:00,0.38290605
2025-11-19 01:00:00,0.16338137
2025-11-19 02:00:00,-0.056691863
2025-11-19 03:00:00,-0.2419923
2025-11-19 04:00:00,-0.38881853
2025-11-19 05:00:00,-0.355262
2025-11-19 06:00:00,0.03867075
2025-11-19 07:00:00,0.37412685
2025-11-19 08:00:00,0.6546081
2025-11-19 09:00:00,0.7155246
2025-11-19 10:00:00,0.64187634
2025-11-19 11:00:00,0.416613
2025-11-19 12:00:00,0.1950087
2025-11-19 13:00:00,-0.0122438595
2025-11-19 14:00:00,-0.19754107
2025-11-19 15:00:00,-0.3599615
2025-11-19 16:00:00,-0.47684923
2025-11-19 17:00:00,-0.23530734
2025-11-19 18:00:00,0.16899005
2025-11-19 19:00:00,0.5882104
2025-11-19 20:00:00,0.9495349
2025-11-19 21:00:00,1.1497679
2025-11-19 22:00:00,1.132281
2025-11-19 23:00:00,0.8627249
2025-11-20 00:00:00,0.57812566
2025-11-20 01:00:00,0.34223047
2025-11-20 02:00:00,0.118150085
2025-11-20 03:00:00,-0.09870166
2025-11-20 04:00:00,-0.2689746
2025-11-20 05:00:00,-0.3854901
2025-11-20 06:00:00,-0.12924798
2025-11-20 07:00:00,0.21386223
2025-11-20 08:00:00,0.5528791
2025-11-20 09:00:00,0.7205939
2025-11-20 10:00:00,0.7153885
2025-11-20 11:00:00,0.55075186
2025-11-20 12:00:00,0.31757405
2025-11-20 13:00:00,0.102411225
2025-11-20 14:00:00,-0.095783755
2025-11-20 15:00:00,-0.26940677
2025-11-20 16:00:00,-0.42040747
2025-11-20 17:00:00,-0.45527965
2025-11-20 18:00:00,-0.027167778
2025-11-20 19:00:00,0.34977314
2025-11-20 20:00:00,0.7864411
2025-11-20 21:00:00,1.0516292
2025-11-20 22:00:00,1.1730316
2025-11-20 23:00:00,1.0023683
2025-11-21 00:00:00,0.70318675
2025-11-21 01:00:00,0.4387417
2025-11-21 02:00:00,0.21623151
2025-11-21 03:00:00,-0.0113648735
2025-11-21 04:00:00,-0.19802415
2025-11-21 05:00:00,-0.35490605
2025-11-21 06:00:00,-0.38224348
2025-11-21 07:00:00,0.0065328395
2025-11-21 08:00:00,0.32665434
2025-11-21 09:00:00,0.6189481
2025-11-21 10:00:00,0.6796678
2025-11-21 11:00:00,0.61396253
2025-11-21 12:00:00,0.39850086
2025-11-21 13:00:00,0.18234707
2025-11-21 14:00:00,-0.022381889
2025-11-21 15:00:00,-0.2065075
2025-11-21 16:00:00,-0.36937347
2025-11-21 17:00:00,-0.4971383
2025-11-21 18:00:00,-0.32962072
2025-11-21 19:00:00,0.10521643
2025-11-21 20:00:00,0.53029305
2025-11-21 21:00:00,0.91425675
2025-11-21 22:00:00,1.107955
2025-11-21 23:00:00,1.1029859
2025-11-22 00:00:00,0.8323558
2025-11-22 01:00:00,0.5496348
2025-11-22 02:00:00,0.3148225
2025-11-22 03:00:00,0.09548233
2025-11-22 04:00:00,-0.11728562
2025-11-22 05:00:00,-0.28909802
2025-11-22 06:00:00,-0.41690406
2025-11-22 07:00:00,-0.2532133
2025-11-22 08:00:00,0.106512815
2025-11-22 09:00:00,0.42353937
2025-11-22 10:00:00,0.6252521
2025-11-22 11:00:00,0.62460995
2025-11-22 12:00:00,0.49129364
2025-11-22 13:00:00,0.27093658
2025-11-22 14:00:00,0.06183803
2025-11-22 15:00:00,-0.13241586
2025-11-22 16:00:00,-0.3018068
2025-11-22 17:00:00,-0.44986594
2025-11-22 18:00:00,-0.5045171
2025-11-22 19:00:00,-0.11715947
2025-11-22 20:00:00,0.25672838
2025-11-22 21:00:00,0.6911741
2025-11-22 22:00:00,0.9793723
2025-11-22 23:00:00,1.1135305
2025-11-23 00:00:00,0.9671598
